date,ticker,close,actual_pct
2026-09-22,INTC,123.86,1.708
2026-09-23,INTC,122.6,-1.0173
2026-09-24,INTC,127.39,3.907
2026-09-25,INTC,123.0,-3.4461
2026-09-28,INTC,116.03,-5.6667
2026-09-29,INTC,115.93,-0.0862
2026-09-22,MU,1096.16,5.0002
2026-09-23,MU,1071.88,-2.215
2026-09-24,MU,1080.53,0.807
2026-09-25,MU,1082.28,0.162
2026-09-28,MU,1053.98,-2.6149
2026-09-29,MU,1065.08,1.0531
2026-09-22,SNDK,1887.04,6.8152
2026-09-23,SNDK,1816.5699,-3.7344
2026-09-24,SNDK,1753.62,-3.4653
2026-09-25,SNDK,1777.8,1.3789
2026-09-28,SNDK,1712.89,-3.6511
2026-09-29,SNDK,1729.76,0.9849
